-27.354,-26.775,-5.9301e-05,-8.0033e-05,-4.7575e-05
-27.35,-25.28,-8.0332e-05,-2.5571e-05,-7.3014e-05
-27.346,-23.785,-9.9247e-05,-2.3736e-05,-7.4546e-05
-27.342,-22.291,-0.00012405,-4.4679e-05,-5.9309e-05
-27.338,-20.796,-3.9264e-05,-8.0197e-05,3.9061e-05
-27.334,-19.302,-9.28e-05,1.0575e-05,5.4196e-05
-27.031,-17.81,-0.00017609,-1.8962e-05,-1.3731e-05
-27.026,-16.315,-0.00011519,-3.028e-06,-1.9312e-06
-27.022,-14.82,-0.0001032,-7.0806e-06,-7.6414e-05
-27.018,-13.325,-0.00025529,2.137e-05,-9.8645e-05
-27.014,-11.829,-0.00029659,1.172e-05,-4.0992e-05
-27.01,-10.334,-0.00024256,-3.2585e-05,-0.00022674
-27.006,-8.8391,-0.00019491,-4.7738e-05,-0.00015619
-27.002,-7.3433,-0.00020982,4.1978e-05,-9.8722e-05
-26.999,-5.8479,-0.00023664,-3.669e-06,4.666e-05
-26.996,-4.3519,-0.00029002,1.5355e-05,0.00010457
-26.993,-2.8565,-0.00025003,4.165e-05,2.0226e-05
-26.989,-1.3601,-0.00015991,4.0727e-05,-2.0917e-05
-26.986,0.13575,-0.00013503,2.6525e-05,3.3514e-05
-26.982,1.6315,-0.00022973,-1.1533e-05,-1.6978e-05
-26.978,3.1275,-0.00015643,-0.00010035,-3.4273e-05
-26.974,4.6239,-0.00017453,-6.4512e-05,-0.00011113
-26.97,6.12,-0.00011371,2.8318e-05,-7.1836e-05
-26.966,7.6166,3.7035e-05,-3.7381e-05,-1.3667e-05
-26.962,9.1131,7.9997e-05,-2.8131e-05,3.6044e-05
-26.958,10.61,-5.5571e-06,-4.793e-05,-4.4094e-05
-26.954,12.107,-6.2153e-05,-9.3085e-05,-8.4633e-05
-26.95,13.604,-8.6794e-05,-7.6029e-05,-7.4141e-05
-26.946,15.101,-0.00017853,5.8718e-05,4.4283e-05
-26.943,16.599,-0.00016123,-3.6212e-05,-0.00010068
-26.939,18.096,-4.0968e-05,-0.00017754,-0.00011644
-26.936,19.593,-0.00018847,-2.2718e-05,-0.00030548
-26.932,21.09,-0.00024893,-8.6872e-05,-0.00021436
-26.929,22.588,-8.2668e-05,-0.00010825,-0.00021475
-26.926,24.086,-4.5627e-05,-6.9424e-05,0.00011342
-26.923,25.584,-9.2491e-06,3.1753e-05,0.00030376
-26.92,27.081,-6.6762e-05,-7.762e-05,0.00016028
-25.556,-26.798,-0.00012032,1.6586e-06,-8.7162e-05
-25.552,-25.302,-9.6245e-05,-2.7977e-05,8.5154e-05
-25.548,-23.806,-6.4914e-05,-6.9109e-05,-5.2062e-07
-25.544,-22.311,-3.2917e-05,1.621e-05,1.8355e-05
-25.541,-20.815,-4.1286e-05,-8.5709e-06,3.8247e-05
-25.537,-19.32,-5.8853e-05,-9.7355e-05,-4.0012e-06
-25.232,-17.827,-3.1935e-05,-1.3469e-05,5.2516e-05
-25.228,-16.332,-8.1738e-05,-2.5537e-05,-2.0814e-05
-25.224,-14.836,-0.00010317,-1.7194e-05,1.9943e-05
-25.221,-13.34,-7.0371e-05,-4.8093e-05,-4.7686e-05
-25.216,-11.844,-0.00010135,-5.0692e-05,-6.0476e-05
-25.212,-10.348,-0.00010745,9.3436e-06,-4.7039e-05
-25.208,-8.8521,-7.9214e-05,4.78e-05,1.6612e-05
-25.204,-7.3558,-4.3858e-05,5.7539e-05,2.4277e-05
-25.2,-5.8595,-3.7629e-05,3.5571e-05,-1.2873e-05
-25.196,-4.3632,-4.9966e-05,4.1167e-05,4.3068e-06
-25.193,-2.8665,-7.729e-05,2.9446e-05,0.00010534
-25.189,-1.3698,-7.8717e-05,-3.4698e-05,3.6088e-05
-25.186,0.12717,-8.1182e-05,-2.8874e-05,-9.0127e-05
-25.183,1.6241,-5.59e-05,-3.607e-05,-9.0694e-05
-25.179,3.1207,-6.0698e-05,-1.3853e-05,-4.6172e-05
-25.175,4.6177,-7.5607e-05,-3.3828e-05,-3.6654e-05
-25.171,6.1149,-7.3328e-05,-6.7238e-06,-3.2317e-05
-25.167,7.6122,-0.00018619,-4.5384e-05,-3.2953e-05
-25.163,9.1094,-0.00018234,-0.00012876,-3.068e-05
-25.159,10.607,-0.00012076,-2.0569e-05,-0.00010152
-25.155,12.104,-0.00011887,-1.8354e-05,-8.0049e-05
-25.151,13.602,-0.00012297,-9.7176e-05,-8.6023e-06
-25.147,15.1,-0.00010315,-7.1695e-05,-0.00012909
-25.143,16.598,-0.00013798,-6.8088e-05,-0.00017209
-25.139,18.097,-0.00012426,-7.673e-05,-8.4086e-05
-25.136,19.595,-0.00013426,-4.7491e-05,-3.2627e-05
-25.132,21.093,-7.3024e-05,-4.3955e-05,-7.6542e-05
-25.129,22.591,-5.0774e-05,-2.8093e-05,2.7746e-05
-25.125,24.09,-7.2865e-05,1.1534e-06,5.7184e-05
-25.122,25.589,-9.6986e-05,-0.00010289,-0.00010998
-25.119,27.087,-6.4824e-06,8.0336e-06,-0.00042326
-23.755,-26.821,1.5436e-05,-9.3293e-05,-5.6311e-05
-23.752,-25.324,-4.0799e-05,-8.1481e-06,7.1116e-05
-23.748,-23.828,-2.9228e-05,-7.7842e-05,2.0542e-05
-23.744,-22.331,-7.2945e-05,-8.2595e-06,2.5813e-05
-23.741,-20.835,-9.878e-05,2.7957e-05,3.509e-05
-23.737,-19.339,-6.9956e-05,-7.9014e-05,5.6709e-05
-23.433,-17.845,-8.7871e-05,-4.3841e-05,7.4413e-05
-23.429,-16.348,-8.5005e-05,-7.5174e-05,-7.2174e-05
-23.425,-14.852,-0.00010082,-1.287e-05,-5.8807e-05
-23.421,-13.355,-9.9321e-05,-1.8404e-05,-3.3555e-05
-23.417,-11.858,-0.00011542,-2.0972e-05,-3.1367e-05
-23.412,-10.362,-0.00010667,-3.4379e-05,8.9026e-05
-23.408,-8.8648,-5.0544e-05,4.2151e-05,3.104e-05
-23.404,-7.368,-9.6092e-05,2.4973e-05,-1.2423e-06
-23.399,-5.871,-7.2818e-05,7.4302e-05,-7.167e-05
-23.395,-4.3735,-2.9785e-05,2.6072e-05,-7.8165e-05
-23.392,-2.8764,-6.911e-05,8.5039e-06,-5.971e-05
-23.388,-1.379,-0.00010598,-4.2266e-05,2.1753e-06
-23.384,0.11846,-0.00010491,-3.4486e-05,4.3264e-05
-23.381,1.6164,-7.4846e-05,-3.2432e-05,6.1794e-05
-23.378,3.1136,-5.6378e-05,-2.4976e-05,-2.9051e-06
-23.375,4.6118,-5.6338e-05,-2.3404e-05,-2.4299e-05
-23.37,6.1092,-9.8014e-05,-4.5736e-05,-0.00015405
-23.366,7.6075,-7.1196e-05,-3.7646e-05,-0.00012616
-23.362,9.1054,-8.9035e-05,-6.8519e-05,7.34e-06
-23.358,10.604,-0.00013455,-1.7288e-05,6.2826e-05
-23.354,12.102,-0.00010266,-6.9041e-05,-5.0854e-05
-23.35,13.6,-9.9252e-05,-9.4215e-05,1.6723e-05
-23.346,15.099,-0.00012788,-7.9532e-05,-4.9854e-05
-23.342,16.598,-0.00010573,-6.428e-05,1.4745e-05
-23.338,18.097,-2.3611e-05,1.0833e-05,7.2002e-05
-23.334,19.596,-2.6035e-05,-5.6636e-05,-1.7439e-06
-23.33,21.095,-9.755e-05,-7.7981e-05,6.5766e-05
-23.327,22.595,-8.8928e-05,-3.3593e-06,-2.5908e-05
-23.323,24.094,-0.00012728,-9.5007e-05,-4.6334e-05
-23.32,25.593,-0.00015354,-0.00016313,3.7095e-05
-23.317,27.093,-0.00015275,8.0363e-05,-2.6729e-05
-21.953,-26.845,-1.8773e-05,-0.00021288,-0.00011341
-21.949,-25.347,-6.0122e-05,-5.3842e-05,5.7835e-05
-21.946,-23.85,-6.2619e-05,-4.22e-05,3.7723e-05
-21.942,-22.353,-5.6968e-05,-5.9253e-06,-3.5864e-05
-21.938,-20.855,-7.9712e-05,-4.2862e-05,-5.2801e-08
-21.935,-19.357,-6.0981e-05,-2.5293e-05,2.337e-05
-21.63,-17.863,-7.7744e-05,-5.7195e-05,-2.0707e-05
-21.627,-16.366,-7.5413e-05,-9.7845e-05,-2.843e-05
-21.623,-14.868,-7.0899e-05,-4.4855e-05,-3.6859e-05
-21.619,-13.37,-9.3111e-05,2.5966e-05,-2.9478e-05
-21.615,-11.873,-5.4226e-05,2.9159e-05,-7.6425e-05
-21.611,-10.375,-6.3215e-05,-3.1576e-05,7.2891e-05
-21.607,-8.8778,-0.00011965,-3.6859e-06,1.22e-05
-21.602,-7.3799,-9.5753e-05,1.0435e-05,1.0498e-05
-21.598,-5.8824,-8.2625e-05,5.6999e-05,4.7098e-05
-21.594,-4.384,-6.0969e-05,1.3415e-05,-3.5308e-05
-21.59,-2.8863,-5.621e-05,-1.3509e-05,-5.7999e-05
-21.586,-1.3883,-6.2141e-05,3.9687e-05,-1.0617e-05
-21.582,0.10993,-0.0001162,-1.677e-05,-2.8573e-05
-21.578,1.6084,-0.00015607,-4.5168e-05,-5.4645e-06
-21.575,3.1068,-0.00017562,-1.7787e-05,-8.6457e-06
-21.571,4.6053,-0.00013869,-5.6295e-05,-6.7603e-05
-21.567,6.104,-0.00012697,-9.7849e-05,-0.00011585
-21.563,7.603,-8.9246e-05,-3.1699e-05,-4.266e-05
-21.559,9.1016,-8.7191e-05,-5.8784e-06,-9.1623e-05
-21.555,10.601,-0.00010259,-1.2865e-05,-5.7322e-05
-21.551,12.1,-0.00012176,-8.0384e-05,-1.9564e-05
-21.547,13.6,-0.00010072,-6.6182e-05,-2.2299e-05
-21.543,15.099,-9.6182e-05,-0.00010922,-9.645e-05
-21.539,16.598,-6.3717e-05,-3.7463e-05,2.4689e-05
-21.535,18.097,-6.9222e-05,2.0168e-06,7.3509e-05
-21.531,19.597,-5.5414e-05,1.2008e-05,-0.00014902
-21.527,21.098,-4.4262e-05,-9.4238e-05,2.656e-05
-21.523,22.598,-5.1353e-05,-0.00011769,-1.1419e-05
-21.519,24.098,-6.7882e-05,-2.3093e-05,-7.2484e-05
-21.515,25.599,-7.844e-05,-8.8868e-05,4.2012e-05
-21.512,27.099,-0.00010503,0.00015999,-9.1296e-05
-20.149,-26.868,-8.0553e-05,-8.4313e-05,-3.4328e-05
-20.145,-25.37,-1.6757e-05,-7.4795e-05,8.9474e-05
-20.14,-23.871,-5.307e-05,-3.0588e-05,9.0481e-05
-20.137,-22.374,-4.7838e-05,-4.0066e-05,3.3002e-05
-20.134,-20.875,-9.8963e-06,-3.899e-06,7.5804e-05
-20.13,-19.377,-4.4134e-05,-6.9258e-05,4.9646e-05
-19.825,-17.882,-6.6331e-05,-9.9336e-05,-6.7861e-05
-19.822,-16.383,-0.00010503,-4.6398e-05,-5.3237e-05
-19.818,-14.885,-8.197e-05,-4.8237e-05,9.6451e-06
-19.815,-13.386,-7.4862e-05,3.5524e-05,4.1784e-05
-19.811,-11.889,-4.4609e-05,2.5459e-06,2.7917e-05
-19.808,-10.389,-4.5195e-05,-3.3749e-05,-4.8978e-05
-19.803,-8.8911,-7.917e-05,8.0202e-06,4.6431e-05
-19.799,-7.3924,-7.8673e-05,3.637e-05,3.84e-05
-19.795,-5.8937,-0.00011175,2.6735e-05,4.1697e-05
-19.79,-4.3953,-0.0001042,3.0409e-05,-9.8012e-06
-19.786,-2.8966,-5.1737e-05,-3.3747e-05,4.4445e-05
-19.782,-1.3971,-6.5153e-05,4.2308e-05,-2.0844e-05
-19.777,0.10168,-5.5322e-05,-4.8193e-06,1.4226e-05
-19.773,1.6007,-2.7762e-05,-5.3305e-05,4.381e-05
-19.769,3.0996,-5.1897e-05,-6.6273e-05,2.3406e-05
-19.765,4.5994,-8.6966e-05,-4.7807e-05,-1.1638e-05
-19.762,6.0984,-7.8647e-05,-7.668e-05,-2.9238e-05
-19.759,7.5979,-7.0999e-05,-5.1016e-05,5.7536e-05
-19.755,9.0972,2.6473e-06,-8.304e-05,-2.4898e-05
-19.75,10.598,-3.7224e-05,1.6521e-05,-0.00017729
-19.744,12.1,-0.00011685,-4.2462e-05,-5.4153e-05
-19.742,13.598,-0.00013763,-8.8736e-05,9.9027e-06
-19.738,15.098,-8.5321e-05,-8.6524e-05,-1.3086e-05
-19.733,16.598,-8.1289e-05,-3.3636e-05,1.9741e-05
-19.729,18.099,-7.3866e-05,-3.3674e-05,0.00010082
-19.726,19.599,-2.296e-05,-2.2085e-05,-0.00011562
-19.721,21.1,-7.7529e-05,-3.8748e-05,-0.00013498
-19.717,22.601,-0.00011311,-7.8661e-05,-4.2365e-05
-19.713,24.102,-7.7626e-05,-5.5119e-05,-1.2171e-07
-19.71,25.603,-6.5476e-05,-3.1345e-05,-1.5429e-05
-19.706,27.105,-0.00010701,-6.6244e-05,-0.00020956
-18.342,-26.892,-1.4913e-05,-4.7771e-05,-1.8015e-05
-18.339,-25.392,-4.9272e-05,-3.33e-05,7.777e-05
-18.335,-23.894,-0.00010155,-5.6261e-05,1.822e-05
-18.331,-22.395,-5.5791e-05,-8.4981e-05,2.9237e-05
-18.327,-20.895,-3.9197e-05,-7.6376e-05,-2.5389e-05
-18.324,-19.396,-4.6742e-05,-6.9263e-05,-7.5073e-05
-18.019,-17.901,-7.66e-05,-7.2367e-05,-5.3069e-05
-18.015,-16.401,-6.4631e-05,-5.7912e-05,-1.7678e-05
-18.012,-14.902,-0.00010349,-1.6914e-05,-4.3548e-05
-18.008,-13.403,-0.00010461,4.7866e-05,7.5669e-06
-18.004,-11.903,-6.1884e-05,-7.63e-06,3.1427e-05
-18.001,-10.404,-5.2423e-05,-3.2072e-05,-4.9252e-05
-17.997,-8.9041,-5.4749e-05,1.3564e-06,2.4888e-05
-17.993,-7.4045,-8.5159e-05,2.2321e-06,-2.5831e-05
-17.989,-5.9053,-9.0792e-05,3.6771e-05,3.4958e-05
-17.985,-4.4058,-8.3191e-05,5.377e-05,6.6105e-05
-17.981,-2.9063,-9.0395e-05,-2.2265e-05,5.059e-06
-17.976,-1.4065,-7.0632e-05,1.18e-06,-6.7093e-05
-17.972,0.093049,-5.8289e-05,-1.5914e-05,-7.5388e-05
-17.968,1.5931,-0.00012747,-4.5146e-05,-0.00013854
-17.964,3.0926,-0.00016972,-6.7975e-05,-9.9466e-05
-17.959,4.5929,-0.00011311,-5.0107e-05,-5.7769e-05
-17.955,6.0933,-6.6369e-05,-4.5962e-05,-0.00010883
-17.951,7.5937,-5.3429e-05,-6.5549e-05,-4.4149e-06
-17.947,9.094,-6.473e-05,-8.2354e-05,-1.8385e-05
-17.944,10.595,-5.5567e-05,-3.4851e-05,-0.00012265
-17.94,12.095,-2.8432e-05,-3.0893e-05,-0.00011679
-17.936,13.596,-4.6724e-05,-3.5363e-05,-3.3272e-06
-17.931,15.097,-6.5848e-05,-6.943e-05,-7.8246e-07
-17.927,16.598,-9.6014e-05,-5.1199e-05,4.669e-05
-17.922,18.1,-0.00014624,-1.0064e-05,0.00014739
-17.918,19.601,-0.00016239,-6.7838e-05,9.8312e-06
-17.914,21.103,-8.362e-05,-9.4581e-05,-5.9385e-05
-17.91,22.605,-8.7125e-05,-1.7461e-05,-3.5436e-05
-17.906,24.107,-9.999e-05,-2.4021e-05,8.7872e-06
-17.902,25.608,-8.9011e-05,-6.9436e-05,2.6803e-05
-17.898,27.11,-8.9111e-05,-8.0821e-05,-0.00027207
-16.533,-26.916,-4.1455e-05,-5.5138e-05,-1.0726e-05
-16.529,-25.416,-5.4158e-05,-5.9449e-05,-4.3113e-05
-16.526,-23.916,-4.6508e-05,-0.00013848,5.7201e-07
-16.523,-22.416,-2.0894e-05,-7.6444e-05,5.7389e-05
-16.52,-20.915,-7.0441e-05,-5.8502e-05,1.451e-05
-16.516,-19.415,-0.00010446,-3.7836e-05,3.6766e-05
-16.211,-17.919,-0.00010179,-6.5594e-05,-1.8191e-05
-16.207,-16.418,-9.5537e-05,-6.1688e-05,-1.2318e-05
-16.203,-14.919,-6.0786e-05,-4.1824e-05,1.8398e-05
-16.2,-13.418,-2.0332e-05,3.0544e-05,7.6121e-05
-16.196,-11.918,-7.1886e-05,-2.1577e-05,1.3731e-05
-16.192,-10.418,-0.00011778,-3.4764e-06,-8.1438e-05
-16.188,-8.9179,-0.00013625,-2.2564e-05,-1.1669e-05
-16.184,-7.4177,-8.0162e-05,4.1825e-05,1.66e-05
-16.181,-5.9172,-5.8137e-05,6.1628e-05,7.5096e-05
-16.178,-4.417,-9.2506e-05,-1.2609e-05,-8.2862e-06
-16.174,-2.9165,-0.00010979,-7.5803e-05,-4.782e-06
-16.169,-1.4158,-8.2822e-05,3.8443e-05,-1.2347e-05
-16.165,0.084475,-9.1115e-05,-3.1037e-05,-3.2634e-05
-16.16,1.5854,-0.00010637,-7.9198e-05,-0.00014819
-16.156,3.0858,-0.00010247,-4.763e-05,-4.2955e-05
-16.151,4.5872,-0.00010777,-3.5419e-05,9.2255e-05
-16.146,6.0878,-8.5321e-05,-7.2307e-05,-2.1599e-05
-16.142,7.5889,-0.00010722,-5.7421e-05,2.4716e-05
-16.138,9.09,-0.00013015,-1.1273e-05,2.3998e-05
-16.135,10.592,-8.9111e-05,-4.2502e-05,-5.0052e-05
-16.13,12.093,-4.6478e-05,-5.7399e-05,1.4195e-05
-16.127,13.595,-2.9505e-05,-7.6274e-05,-1.609e-05
-16.123,15.097,-2.7913e-05,-4.8448e-05,-9.2271e-05
-16.118,16.599,-6.4479e-06,-2.5928e-05,-7.9812e-05
-16.113,18.101,-5.2054e-05,-2.8291e-05,-1.7593e-05
-16.109,19.603,-4.5484e-05,-4.7473e-05,-6.6278e-05
-16.105,21.105,-3.3285e-05,-9.6314e-05,-0.00010236
-16.101,22.608,-9.2266e-06,-5.6855e-05,-5.2765e-05
-16.096,24.111,-1.4406e-06,-2.0127e-05,-0.00010941
-16.092,25.614,-7.6264e-05,-0.00010437,-0.00012516
-16.088,27.116,-1.3692e-05,-7.4196e-05,-0.00020138
-14.723,-26.939,-6.3606e-05,-8.4652e-05,-6.0021e-05
-14.72,-25.438,-5.6664e-05,-3.5052e-05,-5.565e-05
-14.716,-23.937,-3.808e-05,-9.5022e-05,3.8588e-05
-14.713,-22.436,-5.8939e-05,-6.3539e-05,9.7744e-05
-14.709,-20.935,-7.2788e-05,-3.2304e-05,-2.2854e-05
-14.706,-19.435,-6.028e-05,-9.3815e-05,-3.5281e-05
-14.401,-17.937,-6.617e-05,-8.4284e-05,-0.00012376
-14.397,-16.436,-7.3605e-05,-3.4786e-05,-1.5242e-05
-14.394,-14.935,-4.686e-05,-3.1868e-05,5.0394e-05
-14.389,-13.434,-4.6377e-05,-1.2729e-06,2.3737e-05
-14.386,-11.934,-7.0701e-05,-2.0851e-05,-6.4966e-05
-14.382,-10.432,-6.9889e-05,-5.3884e-06,-6.4564e-05
-14.378,-8.9313,-3.1673e-05,-1.5216e-05,6.9956e-05
-14.374,-7.4301,-2.0667e-05,7.5073e-05,5.0322e-05
-14.37,-5.9288,-5.9269e-05,9.7427e-06,-3.377e-05
-14.367,-4.4276,-5.7921e-05,-2.6031e-05,-1.8178e-05
-14.364,-2.9265,-6.3794e-05,-4.4283e-05,3.7391e-05
-14.36,-1.4255,-0.0001004,-1.9705e-06,-9.8535e-06
-14.355,0.075934,-0.00010851,-3.2749e-05,-0.00011529
-14.351,1.5776,-7.03e-05,-5.8617e-05,-4.3291e-05
-14.347,3.0786,5.5576e-06,-4.8781e-05,1.5465e-05
-14.342,4.5805,-1.9792e-06,-2.7293e-05,-3.0675e-05
-14.337,6.0824,-6.6498e-05,-7.2816e-05,-3.6263e-05
-14.332,7.5845,-7.5237e-05,-4.8636e-05,-1.436e-05
-14.328,9.0864,-0.00010398,-1.3445e-05,-1.375e-05
-14.324,10.588,-0.00010657,-2.5317e-05,-3.462e-05
-14.319,12.091,-8.3452e-05,-0.0001018,-2.3412e-05
-14.316,13.593,-6.7752e-05,-0.00010287,-1.7526e-05
-14.312,15.096,-6.4809e-05,-4.407e-05,3.8316e-05
-14.308,16.598,-5.4497e-05,-7.6229e-06,-3.7043e-05
-14.303,18.102,-4.5583e-05,-4.5146e-05,5.9492e-05
-14.299,19.604,-3.1513e-05,-8.75e-05,2.0417e-05
-14.294,21.108,-8.5586e-05,-7.5919e-05,-0.00012471
-14.289,22.611,-0.00015132,-4.5694e-06,-9.2845e-06
-14.285,24.115,-0.00014925,-6.2559e-05,-3.1322e-05
-14.281,25.618,-8.8538e-05,-0.00010589,1.4523e-05
-14.277,27.122,-6.7797e-05,1.9935e-06,-3.0597e-05
-12.913,-26.961,-5.9299e-05,-0.00014524,0.00011791
-12.909,-25.46,-2.1827e-05,-5.4961e-05,-1.3967e-05
-12.906,-23.958,-2.6964e-05,-7.5661e-05,-9.7932e-07
-12.902,-22.457,-6.1803e-05,-3.5574e-05,-3.2275e-06
-12.898,-20.956,-7.7277e-05,-8.7372e-05,-6.7189e-05
-12.894,-19.454,-8.316e-05,-0.00012879,-3.5363e-05
-12.587,-17.956,-5.2438e-05,-8.7468e-05,-4.037e-05
-12.584,-16.454,-5.4009e-05,3.106e-05,-1.7263e-05
-12.581,-14.952,-9.0721e-05,-3.6976e-05,3.4425e-05
-12.578,-13.45,-0.00014863,-1.9955e-05,3.6931e-05
-12.574,-11.948,-0.00010509,-2.5212e-05,-2.8704e-05
-12.57,-10.447,-5.3055e-05,1.936e-05,-7.3165e-05
-12.566,-8.9446,-6.2041e-05,1.2603e-07,6.3859e-05
-12.562,-7.4431,-9.4881e-05,9.8999e-06,4.8541e-05
-12.558,-5.941,-8.2771e-05,5.4816e-05,-9.8663e-06
-12.555,-4.4389,-6.5665e-05,-1.5131e-05,4.4824e-05
-12.551,-2.9369,-8.4378e-05,-5.3004e-05,-2.1697e-05
-12.547,-1.4348,-9.0856e-05,-5.2898e-05,1.5399e-05
-12.543,0.067169,-3.422e-05,1.0796e-05,1.0156e-05
-12.54,1.5693,-3.1043e-05,-8.4941e-06,-3.6387e-06
-12.535,3.0718,-9.9022e-05,-0.00014464,4.9288e-05
-12.53,4.5744,-9.1376e-05,-6.2391e-05,-2.6355e-05
-12.525,6.0771,-5.9498e-05,-3.5131e-05,-0.00010108
-12.521,7.5797,-5.8802e-05,-2.938e-05,-6.8532e-05
-12.516,9.0825,-5.7026e-05,-2.6782e-05,-9.6083e-06
-12.511,10.586,-3.5776e-05,-5.6979e-05,-2.8814e-05
-12.507,12.089,-4.5114e-06,-9.9869e-05,1.409e-05
-12.502,13.592,-6.7002e-06,-4.3152e-05,-2.7419e-05
-12.498,15.095,-4.0516e-05,-7.8094e-05,-1.607e-05
-12.495,16.599,-2.22e-05,-1.4812e-05,-2.2764e-05
-12.491,18.102,-2.8187e-05,-2.7039e-05,-4.8575e-05
-12.486,19.606,-0.00013102,-6.4082e-05,-6.1094e-05
-12.481,21.109,-0.00011646,-0.00010654,-0.00010284
-12.476,22.614,-3.8403e-05,-3.7145e-05,-4.3285e-05
-12.472,24.119,-2.0275e-05,-4.0684e-05,-8.602e-05
-12.468,25.623,-1.7983e-05,-0.00011216,-1.9432e-05
-12.463,27.128,-8.6659e-06,5.5038e-05,-0.0001716
-11.103,-26.982,-2.772e-05,-0.00016423,6.4323e-07
-11.098,-25.481,-6.0241e-05,-9.3809e-05,7.2359e-06
-11.094,-23.979,-4.938e-05,-7.0456e-05,-2.2485e-05
-11.09,-22.477,-8.09e-05,-6.5163e-05,-3.2731e-05
-11.085,-20.975,-3.5726e-05,-5.6702e-05,-7.308e-05
-11.081,-19.473,-3.7917e-05,-6.394e-05,1.2435e-06
-10.775,-17.974,-6.7748e-05,-8.4297e-05,9.4296e-06
-10.77,-16.472,-1.8817e-05,-2.6949e-05,3.901e-05
-10.766,-14.969,1.3579e-05,-2.2755e-05,-7.5093e-05
-10.763,-13.467,-3.4977e-05,-4.8395e-05,-3.6193e-05
-10.761,-11.963,-4.7665e-05,-4.2027e-05,6.2231e-05
-10.757,-10.461,-3.5439e-05,5.2264e-05,-1.1414e-05
-10.752,-8.9582,-1.3363e-05,2.7008e-05,3.7758e-05
-10.748,-7.4557,-4.5664e-06,-3.4346e-05,-7.3686e-06
-10.744,-5.9525,-1.2468e-05,4.7234e-05,-1.0699e-05
-10.741,-4.45,-5.3764e-05,-2.3351e-05,-5.4914e-05
-10.737,-2.9474,-5.0322e-05,-5.1592e-05,-5.1008e-05
-10.733,-1.4441,-3.1775e-05,-4.9797e-05,-1.3439e-05
-10.729,0.05899,-9.6688e-05,9.5113e-06,-2.6811e-05
-10.725,1.5617,-9.6272e-05,-6.071e-05,-0.00015733
-10.721,3.0649,-5.2111e-05,-0.00011849,-0.00012027
-10.717,4.5681,-5.8985e-05,-2.5054e-05,3.0414e-05
-10.712,6.0714,-3.568e-05,-5.5817e-05,5.8342e-05
-10.708,7.5751,5.9534e-06,-5.3009e-05,4.6258e-05
-10.703,9.0786,3.3655e-05,-7.9137e-07,1.8592e-06
-10.698,10.582,1.5363e-05,-5.6682e-05,-3.5265e-05
-10.693,12.087,-4.6625e-05,-0.00010795,2.0815e-05
-10.689,13.59,-7.0344e-05,-5.3754e-05,2.2472e-05
-10.683,15.095,-4.7978e-05,-5.1613e-05,4.4555e-05
-10.679,16.599,-4.7345e-05,-5.7241e-05,4.4626e-05
-10.676,18.103,-3.9988e-05,-5.1674e-05,-5.1403e-05
-10.671,19.608,7.0115e-06,-9.7086e-05,-0.00011637
-10.666,21.113,-1.9546e-05,-4.8184e-05,-0.00015447
-10.661,22.618,-7.2411e-05,-3.6864e-05,2.2818e-07
-10.657,24.123,-5.2556e-05,-9.5027e-05,-2.2646e-05
-10.652,25.628,-1.9316e-05,-7.4137e-05,-4.1873e-05
-10.648,27.134,-5.1165e-05,4.3927e-05,-0.00025106
-9.2901,-27.004,-6.8986e-05,-1.4415e-05,-0.00014012
-9.2852,-25.502,-8.2665e-05,-8.1393e-05,-2.308e-05
-9.2808,-23.999,-0.00010599,-8.2941e-05,-4.1396e-05
-9.2766,-22.496,-5.5635e-05,-5.8274e-05,1.4928e-05
-9.2722,-20.994,-5.551e-05,-5.3345e-05,-1.1314e-05
-9.2674,-19.491,-5.2827e-05,-5.9756e-05,-7.1816e-05
-8.9607,-17.992,-1.7142e-05,-8.0367e-05,-1.618e-05
-8.9559,-16.489,-2.1753e-05,-3.7793e-05,1.8192e-05
-8.9513,-14.986,-6.1953e-05,-5.2013e-05,-6.0258e-05
-8.9475,-13.482,-2.7734e-05,-3.396e-05,-7.359e-05
-8.9434,-11.979,-2.3624e-05,-1.4076e-05,1.1912e-05
-8.9398,-10.476,-4.3772e-05,2.4922e-05,-5.0992e-05
-8.9366,-8.9717,-4.6713e-05,1.3681e-05,2.3665e-05
-8.933,-7.4679,-4.3173e-05,-8.8889e-06,1.9808e-05
-8.9292,-5.9643,-3.3708e-05,4.6604e-05,-1.5025e-05
-8.9251,-4.461,-3.5807e-05,-3.8943e-05,-4.7665e-05
-8.9207,-2.9573,-5.9806e-05,-4.4246e-05,-6.7255e-08
-8.9165,-1.4536,-5.1992e-05,-1.6081e-05,2.8495e-05
-8.912,0.050145,-1.6979e-05,-3.6617e-05,-1.2798e-05
-8.9085,1.554,9.8372e-06,-0.00013113,1.5465e-05
-8.9046,3.0583,2.8788e-05,-2.5094e-05,2.7793e-05
-8.9009,4.5618,-9.4184e-06,3.5439e-05,4.2011e-05
-8.897,6.0662,-5.8165e-05,-2.4436e-05,2.8811e-06
-8.8921,7.5706,-6.6811e-05,-8.0375e-05,3.8883e-05
-8.8874,9.0749,-6.9406e-05,-8.539e-05,-8.6895e-09
-8.8827,10.579,-4.0792e-05,-7.9158e-05,-2.4504e-05
-8.8775,12.084,8.8351e-06,-4.9054e-05,-6.043e-05
-8.8725,13.589,-5.3927e-05,6.6116e-06,-6.9411e-05
-8.8671,15.094,-6.7787e-05,-6.3354e-05,5.4524e-05
-8.8624,16.599,-3.892e-05,-0.00012156,5.1844e-06
-8.8582,18.104,-5.0207e-05,-2.0434e-05,6.5538e-06
-8.8545,19.61,-5.2906e-05,-0.00012485,1.29e-05
-8.8495,21.115,2.1511e-05,-8.3945e-05,-6.4205e-05
-8.8445,22.622,4.7376e-05,-5.6086e-05,-5.8363e-05
-8.8399,24.127,2.1758e-05,-0.00010577,6.8089e-07
-8.8356,25.633,-4.1346e-05,-9.8994e-05,-2.5913e-05
-8.8309,27.139,-9.5264e-05,6.8632e-06,-0.00018552
-7.4753,-27.026,-5.5904e-05,-4.0666e-05,4.2696e-05
-7.471,-25.523,-1.1039e-05,-0.00010909,-6.5397e-05
-7.4668,-24.019,-2.9012e-05,-6.9453e-05,-7.2286e-05
-7.4616,-22.516,-9.1407e-05,-3.4464e-05,9.1015e-06
-7.4571,-21.013,-0.00010115,-3.2162e-05,-2.6273e-05
-7.4523,-19.509,-8.1522e-05,-2.6379e-05,1.1905e-05
-7.1453,-18.009,-9.6969e-05,-0.00010407,1.6038e-05
-7.1405,-16.505,-7.628e-05,-5.2087e-05,1.8064e-05
-7.1358,-15.002,-4.4581e-05,-6.1533e-05,-2.6369e-05
-7.1314,-13.497,1.7467e-05,-5.779e-05,2.2032e-05
-7.1269,-11.993,-3.9448e-07,1.6757e-05,2.4569e-05
-7.1229,-10.49,-7.0424e-06,4.2489e-05,1.6801e-05
-7.1188,-8.9853,-2.4045e-05,2.5577e-05,3.8489e-05
-7.1149,-7.481,-4.1774e-05,-2.2599e-05,7.0261e-05
-7.1117,-5.9764,-1.0184e-05,3.4344e-06,-5.2297e-06
-7.1083,-4.4718,5.4105e-06,-1.0802e-05,-7.0751e-05
-7.1039,-2.9675,4.6715e-06,-2.7984e-05,-1.9665e-06
-7.0994,-1.463,-3.2469e-06,-5.0828e-05,5.0422e-05
-7.0947,0.041426,1.1899e-05,-4.1639e-05,-2.9021e-05
-7.0902,1.5465,1.4466e-05,-7.6079e-05,1.2057e-05
-7.0864,3.0511,1.0472e-05,-3.0412e-05,3.8371e-05
-7.0822,4.5559,1.2295e-05,-7.8222e-05,-9.2329e-05
-7.0784,6.0607,-2.0547e-05,-3.5158e-05,-0.00012751
-7.0745,7.566,-5.0549e-05,-4.2136e-05,-5.0968e-05
-7.0699,9.0711,-6.7787e-05,-5.866e-05,9.6838e-06
-7.0647,10.576,-6.3396e-05,-6.5467e-05,3.813e-05
-7.0603,12.082,-9.9697e-05,-8.4606e-05,6.6091e-06
-7.0553,13.587,-4.3296e-05,5.1193e-06,-5.9105e-05
-7.0498,15.093,-2.6495e-05,-8.4264e-05,2.9607e-06
-7.0444,16.6,-6.4035e-05,-7.272e-05,1.7846e-05
-7.0394,18.105,-6.1527e-05,-6.4063e-05,-7.9561e-05
-7.0355,19.612,-8.0566e-05,-8.0523e-05,-7.9594e-05
-7.0313,21.118,-4.1302e-05,-7.2658e-05,4.1601e-05
-7.0264,22.624,1.3653e-05,-7.0403e-05,2.3157e-06
-7.0215,24.131,-3.9422e-05,-8.5513e-05,-2.4603e-05
-7.0166,25.638,-7.7419e-05,-0.00014219,-5.0836e-05
-7.0118,27.145,-6.4624e-06,-0.0002833,-2.6562e-05
-5.6587,-27.048,-0.00010443,-0.00014649,5.6485e-05
-5.6548,-25.543,-9.2297e-05,-0.00012016,5.1455e-05
-5.6506,-24.038,-3.2143e-05,-0.00010409,-3.5746e-05
-5.646,-22.535,-4.2197e-05,-2.3908e-05,-8.3224e-05
-5.6413,-21.031,-4.6079e-05,-3.3898e-05,-2.9929e-05
-5.6362,-19.527,-7.5757e-05,-4.005e-05,-0.00010295
-5.3282,-18.026,-5.6947e-05,-7.0617e-05,-9.9093e-06
-5.3235,-16.522,-9.5802e-05,-7.0429e-05,-5.1182e-05
-5.319,-15.017,-9.6769e-05,-6.7238e-05,-2.0599e-05
-5.3141,-13.513,-9.0594e-05,1.343e-06,-1.8062e-05
-5.3094,-12.008,-8.9614e-05,3.4298e-05,-8.812e-07
-5.3048,-10.503,-7.2546e-05,2.0108e-06,-6.4837e-05
-5.3004,-8.9981,-9.6289e-05,1.3018e-05,-5.5597e-05
-5.2958,-7.4932,-9.8536e-05,-5.4722e-06,1.9295e-05
-5.2917,-5.9883,-9.9226e-05,2.1601e-05,7.4683e-05
-5.288,-4.4829,-5.2159e-05,7.578e-06,3.3411e-05
-5.2841,-2.9779,-1.9652e-05,-3.4488e-05,-7.0574e-06
-5.28,-1.4725,-3.3148e-05,-8.5571e-05,6.0789e-05
-5.2753,0.03237,-3.2548e-05,-2.7029e-05,5.7964e-05
-5.2712,1.5386,-3.9082e-05,-5.4234e-05,3.5429e-05
-5.2664,3.044,-2.2809e-05,-2.9725e-05,3.2879e-05
-5.2618,4.5496,-5.7623e-06,-0.00010658,-2.3753e-06
-5.2576,6.056,-1.9076e-06,-5.5401e-05,5.0144e-06
-5.2541,7.5614,2.7162e-05,-2.9765e-05,2.1003e-05
-5.2505,9.0672,3.5524e-05,-7.0354e-05,-9.5242e-06
-5.2459,10.573,2.2806e-05,-4.077e-05,-2.5352e-05
-5.2407,12.079,1.8543e-05,-4.3989e-05,-1.1061e-05
-5.2355,13.586,2.3443e-06,-6.384e-05,5.1174e-06
-5.23,15.093,-7.9226e-06,-6.2835e-05,-3.055e-05
-5.2251,16.599,-4.8337e-05,-8.9582e-05,-3.0192e-05
-5.2196,18.106,-5.7385e-05,-0.00011145,-5.776e-05
-5.2145,19.614,-2.9818e-05,-4.0041e-05,7.4835e-06
-5.2108,21.12,-6.6766e-05,-3.5389e-05,2.1093e-05
-5.2061,22.627,-0.00012577,-0.00010002,-5.3611e-05
-5.2013,24.135,-8.8644e-05,-9.8596e-05,-9.2789e-05
-5.196,25.643,-1.2826e-05,-0.00012312,-2.5844e-05
-5.1913,27.151,-3.3982e-05,-0.00022256,8.2413e-05
-3.8388,-27.071,-3.0449e-05,-0.00028357,1.9912e-05
-3.8351,-25.565,-5.4932e-05,-0.00011305,1.6393e-05
-3.8315,-24.06,-0.00010289,-0.00012403,-8.7085e-06
-3.8273,-22.555,-7.7478e-05,-6.2701e-05,4.8656e-05
-3.8231,-21.05,4.3277e-06,-2.659e-05,3.6801e-05
-3.8184,-19.545,2.8704e-05,-4.6779e-05,-8.8196e-05
-3.51,-18.043,-6.814e-06,-6.5901e-05,-8.9459e-06
-3.5051,-16.538,-1.0256e-05,-9.5331e-05,-4.5787e-05
-3.5005,-15.033,-4.2097e-05,-2.2003e-05,6.9711e-05
-3.4956,-13.528,-8.6687e-05,1.6661e-05,7.8809e-05
-3.4903,-12.022,-8.5257e-05,-1.6671e-05,5.2497e-05
-3.4854,-10.517,-6.7493e-05,-2.9504e-05,-2.2349e-05
-3.4806,-9.0111,-4.9009e-05,3.1055e-05,-4.4731e-05
-3.4758,-7.5054,-7.4814e-05,3.4558e-05,5.1327e-05
-3.4714,-5.9997,-6.8542e-05,4.1027e-05,6.1119e-05
-3.4668,-4.4938,-8.0302e-05,-2.8678e-05,-2.1626e-05
-3.4626,-2.9878,-9.0144e-05,4.9264e-06,-5.9891e-05
-3.4585,-1.4816,-6.0151e-05,-6.3501e-05,3.8076e-05
-3.4545,0.024606,-4.8089e-05,-6.6737e-05,-5.2102e-06
-3.4503,1.5307,-3.843e-05,-5.9429e-05,-2.4324e-05
-3.4456,3.037,-6.8958e-05,-5.3495e-05,1.4821e-05
-3.4403,4.5435,-7.8311e-05,-7.5601e-05,-8.5155e-05
-3.4359,6.0499,-4.0737e-05,-3.8759e-05,-6.0982e-05
-3.4316,7.5566,-3.9094e-05,-8.5774e-05,7.1048e-06
-3.4277,9.0635,-5.1152e-05,-9.1253e-05,-3.1607e-05
-3.4237,10.57,-6.3469e-05,-2.2211e-05,1.4284e-05
-3.4194,12.077,-3.733e-05,-4.3234e-05,-7.1222e-05
-3.414,13.584,-4.6206e-05,-8.2001e-05,-7.1998e-05
-3.4091,15.092,-7.9397e-05,-8.2304e-05,-7.5488e-05
-3.4039,16.599,-4.6387e-05,-0.00011553,-6.6333e-05
-3.3983,18.107,-2.8197e-05,-4.407e-05,-7.0207e-05
-3.3932,19.615,-5.3382e-05,-3.6271e-05,-2.4823e-05
-3.3881,21.123,-5.1447e-05,-7.3889e-05,-9.1102e-05
-3.3829,22.631,-9.2292e-05,-7.5984e-05,-8.6407e-05
-3.3788,24.139,-7.3273e-05,-0.00014842,2.6811e-05
-3.3739,25.648,-9.7053e-06,-9.3355e-05,-7.7998e-05
-3.3687,27.156,-1.479e-05,8.8442e-05,-0.00021491
-2.0158,-27.094,-3.1698e-05,-0.00015938,-8.0184e-05
-2.0126,-25.588,-4.8085e-05,-0.00015829,-2.3807e-05
-2.0096,-24.081,-3.9381e-05,-4.5008e-05,-4.1657e-05
-2.0059,-22.575,-4.5311e-05,-5.2335e-05,6.3459e-05
-2.0021,-21.069,-9.0184e-05,-9.2272e-05,0.00011368
-1.9981,-19.563,-5.7673e-05,-4.9271e-05,-5.6469e-05
-1.6896,-18.061,-7.2752e-05,-8.5003e-05,-4.9858e-05
-1.6849,-16.555,-4.032e-05,-5.7785e-05,-3.9444e-06
-1.6803,-15.049,-7.1858e-06,1.8989e-07,-2.6481e-05
-1.6747,-13.544,-2.8956e-05,1.7872e-05,-3.9029e-05
-1.669,-12.037,-3.4442e-05,-2.6388e-05,2.2585e-05
-1.6654,-10.531,-2.6611e-05,-2.1679e-05,4.9456e-05
-1.6597,-9.0246,-1.0341e-05,2.8182e-05,1.101e-05
-1.6551,-7.5178,-1.762e-05,2.4943e-05,4.772e-05
-1.6498,-6.0111,-5.7774e-05,-6.4663e-07,3.0527e-05
-1.6451,-4.5046,-7.4333e-05,-3.594e-05,-1.4342e-05
-1.6403,-2.9978,-3.2651e-05,-4.8837e-05,2.1371e-06
-1.6358,-1.4911,-2.5143e-05,-6.4694e-05,-1.4651e-05
-1.6316,0.015369,-5.9556e-05,-3.5926e-05,-2.3362e-05
-1.6271,1.5234,-8.9943e-05,-3.9544e-05,-3.0709e-05
-1.6231,3.0299,-0.00011316,-5.1357e-05,-5.5284e-05
-1.6182,4.5374,-8.071e-05,-7.4145e-05,5.0786e-05
-1.6129,6.0446,-2.3938e-06,-5.2833e-05,5.5457e-06
-1.6079,7.552,1.7615e-06,-6.6185e-05,-1.8092e-05
-1.6036,9.0599,-1.4528e-05,-4.5385e-05,-1.2425e-05
-1.5995,10.568,-4.1397e-05,-8.8107e-05,8.9717e-06
-1.5952,12.075,-8.2914e-05,-3.5437e-05,-2.3487e-05
-1.5913,13.583,-7.336e-05,-7.2362e-05,-3.7066e-05
-1.5862,15.091,-3.3621e-05,-0.00012804,-5.5616e-05
-1.5805,16.599,-7.0413e-05,-0.00012066,-4.3586e-06
-1.5752,18.108,-5.7238e-05,-2.497e-05,-7.5757e-05
-1.5695,19.616,-3.2209e-05,-3.7488e-05,-4.474e-05
-1.5643,21.125,-4.7541e-05,-6.4442e-05,-6.5504e-05
-1.5589,22.635,-4.0346e-05,-8.4457e-05,-0.00013797
-1.5541,24.143,-9.5679e-05,-0.0001888,2.9565e-05
-1.549,25.653,-0.00014435,-0.00014954,2.8498e-05
-1.5441,27.162,-0.00013348,0.00021738,-0.00020277
-0.19513,-27.115,-6.1519e-05,-7.34e-05,-9.4615e-05
-0.1903,-25.609,-4.9896e-05,-9.0275e-05,-3.8871e-05
-0.18524,-24.103,-3.894e-05,-4.6499e-05,2.1849e-05
-0.18182,-22.596,-2.9832e-05,-7.8633e-05,-2.8683e-05
-0.17808,-21.089,-7.4798e-05,-7.2133e-05,-6.335e-09
-0.1743,-19.582,-6.7079e-05,-5.9917e-05,-1.8281e-05
0.13406,-18.078,-1.8433e-05,-7.987e-05,9.0235e-06
0.13822,-16.572,-4.4297e-05,-4.8486e-05,7.1482e-05
0.14281,-15.065,-4.5143e-05,1.3218e-05,3.2415e-05
0.1468,-13.558,-2.2453e-05,-1.9626e-05,4.726e-05
0.15214,-12.051,-8.5445e-06,-3.4988e-05,4.2778e-05
0.1582,-10.544,-7.8769e-06,2.3047e-05,2.6162e-05
0.16322,-9.0371,2.6836e-06,2.9252e-05,7.7286e-06
0.1676,-7.5299,1.2743e-05,-2.8246e-06,3.3292e-05
0.17288,-6.0225,7.6335e-07,-4.0373e-05,2.8747e-05
0.17787,-4.5159,-1.6058e-06,2.7078e-06,5.7898e-05
0.18288,-3.0076,-3.1521e-05,-4.3804e-05,6.3707e-05
0.18807,-1.5004,-6.1692e-05,-0.00010469,5.5458e-05
0.19273,0.007295,-2.6759e-05,1.6823e-06,1.6676e-05
0.1971,1.5149,-1.2548e-05,-5.2749e-05,-2.1447e-05
0.20166,3.0229,3.8021e-06,-0.00010678,5.193e-06
0.20588,4.5309,-2.8471e-05,-7.1983e-05,-1.5282e-05
0.21136,6.0393,-8.9309e-05,-4.2898e-05,-2.5504e-05
0.21676,7.5478,-6.684e-05,-2.0431e-05,-2.5197e-05
0.22147,9.0559,-6.1514e-05,-6.9321e-05,-5.7937e-05
0.22697,10.565,-6.4229e-05,-5.0357e-05,-5.0152e-05
0.23153,12.073,-7.0832e-05,-7.4823e-05,-4.6355e-05
0.23582,13.582,-4.1835e-05,-9.3405e-05,-1.7779e-05
0.23938,15.091,-7.4885e-06,-9.4367e-05,-3.2316e-05
0.24461,16.599,-1.4327e-05,-0.00010758,4.551e-05
0.2504,18.109,-2.673e-05,-6.0482e-05,9.0761e-05
0.25595,19.618,-1.1791e-05,-3.4079e-05,-4.6013e-06
0.26136,21.128,-1.0164e-05,-8.1621e-05,-4.406e-05
0.26668,22.637,3.7182e-05,-0.00010181,-7.9807e-05
0.27223,24.148,2.7517e-05,-0.00014778,-9.192e-05
0.27789,25.658,-4.5681e-05,-0.0001879,-4.5416e-06
0.28329,27.168,-6.0653e-05,-7.7853e-05,-0.00013308
1.6286,-27.137,-4.073e-05,-0.00028896,5.1609e-06
1.6323,-25.63,-6.2147e-05,-8.6348e-05,-2.9223e-05
1.6369,-24.122,-4.9592e-05,-4.3204e-05,-3.9212e-05
1.6418,-22.615,-2.6165e-05,-9.0019e-05,-3.855e-05
1.6466,-21.108,-2.899e-05,-6.8546e-05,1.5415e-05
1.6512,-19.601,-3.1918e-05,-1.553e-05,5.3992e-05
1.9595,-18.097,-1.8516e-05,-6.13e-05,-2.3046e-05
1.9635,-16.589,4.522e-06,-7.0712e-05,2.1477e-05
1.9678,-15.081,-1.0095e-06,1.0986e-05,-2.4938e-05
1.9717,-13.573,-1.7497e-05,-1.7776e-05,-3.6002e-05
1.9766,-12.065,-4.2411e-05,-4.5165e-05,9.305e-06
1.9815,-10.558,-5.7749e-05,1.1931e-05,3.9651e-05
1.9868,-9.0501,-1.8528e-05,5.2721e-05,2.7572e-05
1.9928,-7.5423,8.8947e-08,-1.081e-05,-1.8599e-06
1.9978,-6.0343,-6.3666e-06,-2.7485e-05,-1.5599e-05
2.0026,-4.5258,-1.1269e-05,1.3432e-05,-6.4539e-06
2.0078,-3.0179,-9.7357e-07,-5.7449e-05,-3.6394e-05
2.0138,-1.5095,-5.5861e-06,-7.6428e-05,8.2159e-05
2.019,-0.0012181,-3.8394e-05,-6.5563e-05,8.3393e-05
2.0241,1.5074,-1.6385e-05,-5.9993e-05,-9.466e-06
2.0288,3.016,2.424e-06,-9.4922e-05,-5.7705e-06
2.0337,4.525,-4.1504e-05,-0.00010023,-5.4494e-07
2.038,6.0338,-3.4429e-05,-6.4739e-05,5.8354e-05
2.0429,7.5428,-4.5843e-05,-2.142e-05,-2.9869e-05
2.0482,9.052,-8.8067e-05,-7.2884e-05,-7.2939e-05
2.0533,10.561,-9.159e-05,-6.331e-05,-7.9118e-05
2.0587,12.071,-4.4067e-05,-8.2681e-05,-6.9768e-05
2.0637,13.58,-2.1994e-05,-7.0582e-05,1.4764e-05
2.0687,15.09,-6.7085e-05,-1.0359e-05,-5.433e-06
2.0726,16.599,-7.0164e-05,-5.7758e-05,-1.3205e-07
2.0773,18.109,-7.4372e-05,-0.0001347,1.9863e-05
2.0832,19.62,-7.9573e-05,-9.9673e-05,-6.5039e-05
2.0885,21.13,-7.0491e-05,-6.4777e-05,-0.0001073
2.0947,22.641,-8.9211e-05,-0.00012859,-0.00011257
2.1002,24.151,-7.5445e-05,-0.00012778,-8.5794e-05
2.106,25.662,-8.4401e-05,-0.0001917,-6.7843e-06
2.1116,27.174,-8.4133e-05,-0.0001265,4.5769e-05
3.4486,-27.157,-1.2357e-05,-0.00010201,-0.00014956
3.4554,-25.65,-1.937e-05,-8.5011e-05,-4.1378e-05
3.461,-24.142,-7.7476e-06,-7.8339e-05,1.576e-05
3.4664,-22.635,4.5496e-07,-2.4347e-05,-1.2591e-05
3.471,-21.127,8.9842e-06,-5.6614e-05,-1.2625e-05
3.4762,-19.619,-2.7075e-05,-3.7886e-05,1.1622e-05
3.7857,-18.114,-2.7106e-05,-7.6709e-05,2.2978e-05
3.7901,-16.606,-6.4257e-06,-6.5995e-05,1.1248e-05
3.7952,-15.097,-1.7737e-05,-1.0533e-05,-2.429e-05
3.7997,-13.588,-1.0314e-06,-2.8399e-05,-4.6505e-05
3.804,-12.08,2.6596e-05,-1.5445e-05,-4.3837e-05
3.8083,-10.572,1.3374e-05,3.9361e-05,1.5448e-05
3.8137,-9.0633,-2.4192e-05,3.211e-05,5.8042e-05
3.8187,-7.5545,-2.6911e-05,-3.1733e-05,-9.8648e-06
3.8242,-6.0456,-3.6661e-05,-2.6605e-05,-2.2612e-05
3.8296,-4.5365,-6.9273e-05,-2.9163e-06,-9.1106e-06
3.835,-3.0277,-7.7295e-05,-3.8612e-05,-7.1869e-06
3.841,-1.5192,-6.0462e-05,-3.6484e-05,-7.2052e-05
3.8458,-0.0097207,-6.771e-05,-6e-05,-2.5162e-05
3.8516,1.4995,-5.4549e-05,-7.9635e-05,3.0097e-05
3.8574,3.0092,-7.1609e-05,-0.00010988,-5.7951e-05
3.8616,4.5186,-5.2491e-05,-6.705e-05,-7.0638e-05
3.8668,6.0282,-5.7906e-05,-6.2979e-05,4.6055e-05
3.8727,7.5381,-4.3485e-05,-5.5206e-05,-8.9908e-06
3.8773,9.0483,-1.4558e-05,-6.3506e-05,-5.4387e-05
3.8819,10.558,-2.1221e-05,-0.000113,7.989e-06
3.8871,12.068,-4.7841e-05,-6.2769e-05,3.3388e-05
3.8928,13.579,-6.6632e-05,-3.2762e-05,1.9102e-05
3.899,15.09,-4.8601e-05,-3.9101e-05,-6.7894e-05
3.904,16.601,-1.58e-05,-0.00010126,-6.729e-05
3.9084,18.111,-2.2212e-05,-0.00012484,-4.7199e-05
3.9125,19.622,-6.1168e-05,-0.00013217,-7.0886e-06
3.9182,21.133,-7.2964e-05,-8.3494e-05,-4.7052e-05
3.924,22.644,-4.6564e-05,-8.1464e-05,-4.2309e-05
3.9299,24.156,-4.7118e-05,-8.8838e-05,-9.7964e-05
3.9356,25.667,-8.7451e-05,-0.00012494,-5.8819e-05
3.941,27.179,-0.00011854,-9.399e-06,0.00012089
5.2693,-27.175,-8.0118e-05,-2.3154e-05,4.969e-05
5.276,-25.668,-4.1755e-05,-8.6493e-05,-6.6292e-05
5.2828,-24.16,-4.7163e-05,-4.3388e-05,-3.9106e-06
5.2897,-22.653,-6.7082e-05,-2.3338e-06,1.2323e-05
5.2966,-21.145,-6.0676e-05,-3.572e-05,2.6328e-05
5.3026,-19.637,1.5212e-05,-7.1238e-05,1.2384e-05
5.612,-18.131,-1.1976e-07,-8.1211e-05,-3.8604e-05
5.6173,-16.622,-3.5986e-05,-6.8677e-06,5.9108e-05
5.6225,-15.113,-1.6509e-05,-2.9186e-05,1.8661e-05
5.6275,-13.604,-2.5999e-05,-6.3451e-05,5.1859e-05
5.6326,-12.095,-1.9008e-05,5.2747e-06,7.0232e-05
5.6374,-10.586,-1.0668e-05,3.5223e-05,1.3405e-05
5.6421,-9.0759,-1.9335e-05,-4.1085e-06,-4.8121e-05
5.6473,-7.5664,-5.3003e-05,2.9865e-06,-2.8124e-05
5.6526,-6.0572,-4.548e-06,-3.8368e-05,4.5906e-06
5.6583,-4.5475,2.0394e-05,-1.6096e-05,-8.1829e-05
5.6634,-3.0378,-4.2212e-06,-5.1158e-05,-2.2012e-05
5.6692,-1.528,-2.6386e-05,-7.8836e-05,-1.1794e-05
5.6745,-0.018222,-1.4803e-05,-7.8683e-05,-1.6662e-05
5.6802,1.492,-3.902e-05,-3.9271e-05,-7.8091e-05
5.6866,3.0019,-3.7954e-05,-6.3152e-05,-1.6589e-05
5.6922,4.5122,-1.9118e-05,-9.3384e-05,-1.2312e-05
5.6966,6.0227,-4.1323e-05,-3.8992e-05,-9.7398e-06
5.7021,7.5333,-5.2615e-05,-6.5804e-05,5.9284e-07
5.7076,9.0443,-4.6159e-05,-5.2301e-05,-5.4903e-05
5.7128,10.555,-2.1227e-05,-7.7162e-05,-2.5947e-05
5.7184,12.066,-3.2753e-05,-5.9438e-05,3.995e-05
5.7242,13.578,-3.6707e-05,-7.7899e-05,6.8906e-05
5.7299,15.089,-1.2773e-05,-6.5607e-05,3.598e-05
5.7344,16.6,-3.5389e-05,-7.8219e-05,1.3445e-05
5.7402,18.112,-7.7585e-05,-8.5869e-05,6.085e-06
5.745,19.623,-7.131e-05,-0.00011925,8.3219e-06
5.7496,21.135,-6.8522e-05,-0.00013587,7.9819e-06
5.755,22.647,-5.726e-05,-8.9515e-05,-3.0938e-05
5.7609,24.16,-5.4915e-05,-0.00010237,-9.7565e-05
5.767,25.672,-2.2227e-05,-0.00013732,-0.00010249
5.7727,27.185,-7.5003e-05,5.5158e-05,-0.00017965
7.0918,-27.194,-8.3267e-05,-0.00022193,-5.2187e-05
7.0983,-25.686,-0.00010479,-9.156e-05,3.6622e-05
7.1048,-24.178,-8.5658e-05,-1.765e-05,6.9538e-05
7.1123,-22.67,-8.6307e-05,-5.6136e-05,-3.282e-05
7.1197,-21.162,-7.9356e-05,-3.6133e-05,1.5447e-05
7.1275,-19.653,-6.785e-05,-4.5354e-05,6.5161e-05
7.4382,-18.147,-3.0695e-05,-5.6182e-05,8.5469e-06
7.4449,-16.638,-3.4091e-05,-2.2148e-05,9.5703e-07
7.4517,-15.129,-4.0084e-05,-3.8033e-05,-6.1448e-06
7.4568,-13.619,-4.1075e-06,-5.0584e-06,3.4697e-05
7.4622,-12.11,-3.7187e-05,-1.6032e-05,4.4813e-05
7.4677,-10.599,-2.4646e-05,-6.2418e-05,-1.3598e-05
7.4726,-9.089,-1.9225e-05,-1.41e-05,-5.2832e-05
7.4783,-7.579,2.833e-06,1.6995e-05,-4.8863e-05
7.4836,-6.0689,-4.0985e-05,-1.352e-06,4.0853e-06
7.4893,-4.5581,-4.6321e-05,-2.0125e-05,1.2488e-05
7.4934,-3.0473,-3.3388e-05,-6.0919e-05,-2.6972e-05
7.4991,-1.5371,-3.9114e-05,-7.3658e-05,-3.5252e-05
7.5047,-0.026527,-5.9428e-05,-0.00010393,8.2666e-06
7.5107,1.4843,-9.2205e-05,-3.4145e-05,-2.1181e-05
7.5163,2.9955,-0.00010901,-1.2654e-05,-2.6995e-06
7.5229,4.5062,-7.4962e-05,-9.4826e-05,1.397e-05
7.5291,6.0173,-3.915e-05,-7.4781e-05,1.8976e-05
7.534,7.5287,-4.8728e-05,-6.6087e-05,-8.5737e-06
7.5393,9.0404,-4.9546e-05,-4.2267e-05,-3.3856e-05
7.5454,10.552,-5.5057e-05,-4.1177e-06,-1.8929e-06
7.551,12.064,-4.1094e-05,-8.4937e-05,-2.0212e-05
7.5559,13.576,-5.2408e-05,-7.3504e-05,7.7101e-06
7.5618,15.088,-9.2826e-05,-6.8445e-05,-6.4365e-06
7.5678,16.601,-8.7821e-05,-0.00010297,-0.00010719
7.5735,18.113,-5.8102e-05,-9.9725e-05,-9.7756e-05
7.5793,19.626,-7.4231e-05,-0.00010753,-8.0012e-05
7.5847,21.138,-7.172e-05,-0.00013555,-4.8546e-06
7.5888,22.651,-8.6386e-05,-0.00010892,5.7317e-06
7.5945,24.164,-9.6759e-05,-9.8696e-05,-4.9068e-05
7.6009,25.677,-8.5896e-05,-0.00013792,-6.2733e-05
7.6067,27.191,-5.0551e-05,0.00011581,8.9945e-06
8.9191,-27.215,-3.9994e-05,-0.00010989,-0.00010549
8.9254,-25.706,-3.8863e-06,-5.8297e-05,4.9382e-07
8.932,-24.197,-2.5723e-05,-6.143e-05,6.491e-06
8.9383,-22.688,-2.683e-05,-5.9524e-05,-6.7672e-06
8.9452,-21.179,-4.0815e-05,-1.9308e-05,8.0963e-05
8.9519,-19.669,-8.9851e-05,-1.827e-05,0.00011007
9.2631,-18.163,-8.4571e-05,-8.5233e-05,5.7612e-05
9.2704,-16.653,-4.408e-05,-6.6562e-05,1.3077e-05
9.2769,-15.143,-3.3763e-05,4.4233e-06,2.478e-05
9.2849,-13.633,-5.1355e-05,1.5703e-05,-3.4016e-05
9.2919,-12.123,-6.3872e-05,-1.4448e-05,-1.0167e-05
9.2982,-10.613,-5.2604e-05,-8.528e-05,5.8513e-05
9.3034,-9.102,-4.1405e-05,-1.7878e-05,3.2174e-05
9.3097,-7.5915,-4.6627e-05,5.0858e-06,4.2235e-05
9.3145,-6.0806,-3.8823e-05,2.723e-05,-1.7773e-05
9.3211,-4.5695,-4.284e-05,-7.36e-05,-8.3891e-05
9.3263,-3.0576,-6.9899e-05,-7.209e-05,-0.00011491
9.3312,-1.5465,-8.2634e-05,-9.9107e-06,-1.0484e-05
9.3364,-0.035005,-8.8038e-05,-8.6814e-05,4.0896e-05
9.3425,1.4765,-7.9072e-05,-6.2633e-05,-3.8554e-06
9.3485,2.9882,-3.8722e-05,-5.6785e-05,-5.5533e-06
9.3549,4.5001,-5.5073e-05,-4.6053e-05,-1.6496e-05
9.361,6.0121,-6.9855e-05,-6.1628e-05,6.6749e-06
9.3674,7.5242,-6.6329e-05,-8.7681e-05,2.5481e-05
9.3727,9.0363,-6.0091e-05,-5.0481e-05,-2.1416e-05
9.3785,10.549,-6.1521e-05,-3.7886e-05,-1.6779e-05
9.3847,12.061,-4.3273e-05,-0.00012477,-7.7379e-05
9.3901,13.575,-3.3826e-05,-6.7766e-05,-7.1544e-05
9.3955,15.086,-4.5177e-05,-8.4033e-05,-0.0001012
9.4021,16.601,-6.9318e-05,-0.00013001,-5.4506e-05
9.4081,18.114,-6.4198e-05,-6.4009e-05,-6.4908e-05
9.4145,19.627,-8.7047e-05,-0.00010258,-5.6614e-05
9.4203,21.141,-7.312e-05,-0.00010789,-1.9178e-05
9.4252,22.654,-7.0601e-05,-7.3918e-05,-7.4344e-05
9.4294,24.168,-7.4842e-05,-0.00012254,-5.8723e-05
9.4346,25.682,-0.00010394,-0.00012034,-4.8762e-05
9.4417,27.196,-7.081e-05,0.00011887,2.9821e-05
10.746,-27.235,-4.2415e-05,-4.1033e-05,-6.3981e-05
10.754,-25.725,-6.0559e-05,-3.4176e-05,5.3231e-06
10.76,-24.216,-5.2766e-05,-6.8935e-05,-1.1972e-06
10.767,-22.706,-2.5677e-05,6.972e-06,-2.3704e-06
10.774,-21.197,-3.4911e-05,-1.7368e-05,-8.7509e-06
10.781,-19.686,-3.4711e-05,-3.8753e-05,5.115e-05
11.092,-18.179,-9.8707e-06,-7.2712e-05,3.5531e-05
11.099,-16.669,-4.6036e-05,-3.9912e-05,6.573e-05
11.106,-15.158,-0.00010862,-4.4089e-05,4.7401e-05
11.112,-13.647,-9.7867e-05,-4.3191e-05,3.115e-05
11.12,-12.137,-3.6067e-05,9.0957e-07,-1.0484e-05
11.127,-10.625,-5.9426e-05,-6.6426e-05,-1.285e-05
11.135,-9.1145,-7.9553e-05,1.6292e-05,-1.4297e-05
11.141,-7.6033,-8.488e-05,-2.812e-05,-5.0655e-05
11.148,-6.0921,-7.508e-05,-2.4967e-05,-2.6397e-05
11.153,-4.5797,-5.9668e-05,-6.2416e-05,-4.5864e-05
11.159,-3.0673,-5.0242e-05,-4.5049e-05,-2.5342e-05
11.165,-1.5554,-3.8669e-05,-1.6162e-07,-4.9753e-05
11.169,-0.043829,-4.7841e-05,-5.0511e-05,-8.2109e-05
11.176,1.4687,-4.8153e-05,-9.75e-05,2.677e-05
11.182,2.9811,-4.3715e-05,-9.135e-05,2.0221e-05
11.189,4.494,-5.6452e-05,-3.4772e-05,2.3592e-05
11.195,6.0066,-2.2776e-05,-4.2e-05,-1.2531e-05
11.201,7.5192,-3.9755e-05,-9.1425e-05,-1.7648e-05
11.207,9.0322,-8.0369e-05,-2.2258e-05,-2.5827e-05
11.213,10.545,-0.0001006,-0.00012488,-2.5157e-05
11.22,12.059,-0.00011006,-0.00010053,-2.5087e-05
11.226,13.572,-0.00011958,-4.3439e-05,1.3438e-05
11.232,15.086,-0.00012014,-3.4726e-05,-3.0594e-05
11.238,16.6,-8.7659e-05,-0.00011275,5.6154e-05
11.245,18.114,-6.9647e-05,-8.7225e-05,-1.6123e-05
11.251,19.628,-1.2115e-05,-7.2588e-05,1.3077e-05
11.257,21.143,-2.8102e-05,-0.00012453,6.4956e-05
11.263,22.657,-3.051e-05,-0.00010641,3.4312e-05
11.269,24.173,3.4364e-06,-0.00011289,-9.9044e-05
11.272,25.687,1.3281e-05,-0.00011016,-3.3653e-05
11.278,27.202,8.1364e-06,-0.00025518,-3.485e-06
12.575,-27.255,-4.644e-05,-3.724e-05,-4.4753e-05
12.582,-25.744,-1.4531e-05,-3.8065e-05,-4.4863e-05
12.588,-24.234,-2.6007e-05,-8.8088e-05,2.0723e-05
12.597,-22.724,-3.7657e-05,-6.7921e-06,-8.7764e-07
12.604,-21.214,9.5387e-06,-1.3779e-05,2.7573e-06
12.611,-19.703,2.1426e-05,-3.1061e-05,5.5637e-05
12.924,-18.196,-3.6793e-05,-1.7176e-05,2.998e-05
12.931,-16.685,-5.6231e-05,-4.0604e-05,-5.0513e-05
12.937,-15.173,-4.6907e-05,-5.938e-05,-2.5189e-05
12.943,-13.661,-1.5525e-05,-2.8136e-05,7.433e-05
12.95,-12.15,-2.0837e-05,-3.6005e-05,2.2641e-05
12.957,-10.638,-3.5133e-05,-8.949e-05,-3.7696e-05
12.965,-9.1265,-6.5732e-05,-5.3632e-06,-4.5106e-05
12.973,-7.6148,-5.0316e-05,-3.2915e-05,-6.6331e-06
12.98,-6.1032,-1.0556e-05,1.3414e-05,-1.73e-05
12.988,-4.5907,-1.5445e-05,-6.6366e-05,-0.00010882
12.994,-3.078,-7.304e-05,-5.7913e-05,-0.0001188
13,-1.5646,-8.5353e-05,-2.7465e-05,-3.0719e-05
13.007,-0.051268,-3.0075e-05,-4.0418e-05,-5.7828e-05
13.013,1.4614,-1.6397e-05,-7.0018e-05,-7.5665e-05
13.018,2.9747,-4.5427e-05,-6.0463e-05,-2.8041e-05
13.025,4.4876,-1.9718e-05,-3.9503e-05,1.7687e-05
13.031,6.0009,-9.6806e-05,-5.1957e-05,-2.0939e-06
13.038,7.5147,-8.4418e-05,-6.0338e-05,-1.8625e-05
13.044,9.0286,-5.3148e-05,-6.036e-05,-0.00010528
13.05,10.544,-4.5267e-05,-0.00011207,-4.4679e-05
13.056,12.057,-4.692e-05,-7.7154e-05,4.8164e-05
13.062,13.571,-1.9924e-05,-9.9542e-05,-1.8457e-05
13.07,15.086,-3.7284e-05,-2.729e-05,-0.00010581
13.076,16.6,-3.2671e-05,-0.00010282,-4.9583e-05
13.082,18.115,-3.4762e-05,-0.00010469,-2.009e-05
13.088,19.631,-5.4011e-05,-7.096e-05,-3.3402e-05
13.096,21.146,-6.2967e-05,-7.6922e-05,-7.8718e-05
13.103,22.661,-0.00010511,-0.00011883,-5.1437e-06
13.108,24.177,-7.8887e-05,-0.00011346,3.625e-05
13.114,25.692,-2.0381e-05,-8.4498e-05,-2.4909e-05
13.118,27.208,-4.8576e-05,-0.00034737,3.3465e-05
14.414,-27.279,-1.2093e-05,-0.00011369,6.5749e-05
14.419,-25.766,-4.76e-05,-3.0514e-05,5.8812e-05
14.423,-24.255,-4.5076e-05,-3.9077e-05,6.1627e-05
14.429,-22.743,-3.5881e-05,-1.7292e-05,9.4124e-05
14.435,-21.231,-4.2063e-05,-8.9373e-06,5.4551e-05
14.443,-19.721,-7.8146e-05,-9.9257e-06,3.6961e-05
14.756,-18.212,-7.6873e-05,-5.5067e-05,4.2342e-05
14.764,-16.7,-3.7667e-05,-7.6433e-05,-2.2336e-05
14.77,-15.188,-5.627e-05,-5.2087e-05,-8.3454e-06
14.777,-13.676,-6.2054e-05,-2.6963e-05,9.7051e-05
14.783,-12.163,-4.8424e-05,-8.9633e-05,-4.8626e-06
14.79,-10.651,-3.0234e-05,-6.2072e-05,-4.8214e-05
14.797,-9.1386,-2.5346e-05,7.8629e-06,-2.9277e-05
14.806,-7.6262,-3.8692e-05,-5.4084e-05,2.5346e-05
14.814,-6.1137,-0.0001039,-7.5158e-05,-2.4311e-05
14.821,-4.6006,-9.3736e-05,-8.9322e-06,-0.000107
14.829,-3.0873,-4.9082e-05,-2.4631e-05,-9.6858e-05
14.837,-1.574,-5.9066e-05,-5.4219e-05,1.7579e-05
14.844,-0.060447,-6.0327e-05,-5.3169e-05,7.1371e-06
14.85,1.4535,-5.1159e-05,-5.3349e-05,-3.9753e-05
14.856,2.967,-8.4652e-05,-2.7144e-05,3.9114e-05
14.862,4.481,-0.00013104,-1.9824e-05,-5.0248e-06
14.869,5.9957,-9.8044e-05,-7.3541e-05,-7.3409e-05
14.876,7.5092,-9.5188e-05,-9.6774e-05,-4.9398e-06
14.883,9.0246,-7.0608e-05,-4.2763e-05,-2.2119e-06
14.889,10.54,-3.4882e-05,-8.5328e-05,6.0751e-06
14.895,12.054,-2.4903e-05,-6.6452e-05,-9.1641e-06
14.901,13.569,-4.323e-05,-9.61e-05,2.4745e-05
14.908,15.085,-3.7115e-05,-9.1015e-05,-6.7027e-06
14.916,16.6,-3.4773e-05,-8.8685e-05,-1.6808e-05
14.922,18.116,-6.149e-05,-5.873e-05,-3.2106e-05
14.929,19.632,-6.6982e-05,-7.7857e-05,9.5011e-07
14.936,21.148,-5.8658e-05,-8.3444e-05,-4.8825e-05
14.943,22.665,-4.3437e-05,-0.00010428,-6.8423e-05
14.95,24.181,-6.1378e-05,-0.00011526,2.528e-05
14.956,25.697,-6.0404e-05,-1.1134e-05,-1.0971e-05
14.962,27.213,-5.3221e-05,-0.00013683,3.2153e-05
16.253,-27.301,-3.9748e-06,-0.00010846,8.7853e-05
16.258,-25.789,1.0141e-05,-3.0434e-05,-3.8322e-05
16.263,-24.276,-1.6342e-05,-7.2614e-05,-3.1286e-05
16.268,-22.764,-2.7337e-05,1.3562e-05,-5.4897e-06
16.274,-21.251,-4.8177e-05,-1.2571e-05,3.0642e-05
16.28,-19.738,-3.9585e-05,-3.8263e-05,3.2698e-06
16.591,-18.229,-6.6499e-05,-2.2695e-05,-2.6072e-06
16.598,-16.716,-9.522e-05,-6.5187e-05,2.2537e-05
16.606,-15.204,-3.3807e-05,-6.2331e-05,5.145e-05
16.613,-13.691,-3.7849e-05,-5.2245e-05,6.488e-05
16.62,-12.178,-7.2998e-05,-9.7236e-05,3.1319e-05
16.627,-10.665,-0.00010576,-4.8814e-05,1.8016e-05
16.634,-9.1513,-6.9456e-05,-1.5266e-05,-7.6998e-06
16.642,-7.6382,-6.2705e-05,-4.7118e-05,-6.3573e-05
16.65,-6.1246,-4.7289e-05,-7.9034e-05,-3.0386e-06
16.657,-4.6108,-5.1311e-05,-3.6375e-05,-1.9289e-07
16.664,-3.0969,-3.3488e-05,4.6129e-07,-0.00010401
16.672,-1.5829,-3.4914e-05,-6.5276e-05,-3.6156e-05
16.681,-0.068853,-6.1912e-05,-1.3669e-05,1.3828e-05
16.688,1.4457,-7.1387e-05,-1.8378e-05,1.6565e-06
16.695,2.9605,-3.2926e-05,-8.4437e-05,-7.7642e-05
16.702,4.4753,-5.6817e-05,-8.1046e-05,-7.9157e-05
16.709,5.9901,-4.1255e-05,-7.9709e-05,-5.6288e-05
16.716,7.5053,-3.4666e-05,-3.0098e-05,-6.5116e-05
16.723,9.0213,-9.5689e-05,-3.4304e-05,-2.5244e-05
16.73,10.537,-0.00010377,-8.3449e-05,1.3026e-05
16.736,12.052,-0.0001116,-5.9967e-05,4.0779e-05
16.741,13.567,-0.00012059,-6.3034e-05,-1.7621e-05
16.748,15.084,-7.638e-05,-0.00010945,2.2385e-05
16.756,16.6,-5.1567e-05,-9.2383e-05,7.8323e-05
16.763,18.116,-5.118e-05,-7.945e-05,1.6541e-05
16.771,19.634,-1.9313e-05,-0.00010211,1.0893e-05
16.778,21.151,-2.8282e-05,-8.9607e-05,-2.6516e-05
16.785,22.668,-2.4497e-05,-7.9693e-05,-2.5983e-05
16.793,24.185,6.3095e-06,-7.8685e-05,6.7443e-05
16.8,25.702,2.9703e-05,-6.084e-05,1.2387e-05
16.806,27.22,-2.1224e-05,-0.00020067,-0.00012135
18.094,-27.628,-0.00010274,-0.00010801,8.4631e-05
18.099,-26.114,-6.7856e-05,-6.9552e-05,-3.0123e-05
18.104,-24.6,-4.1824e-05,-2.2437e-05,-4.4622e-05
18.109,-23.087,-4.8306e-05,5.0752e-05,3.9865e-05
18.113,-21.573,-4.772e-05,-7.6122e-06,-2.1622e-05
18.119,-20.06,-3.3671e-05,-8.1743e-05,-5.0894e-05
18.432,-18.549,-6.7922e-05,-1.031e-05,-7.4348e-05
18.438,-17.035,-7.2584e-05,-4.2856e-05,-3.8993e-05
18.443,-15.522,-7.0103e-05,-6.7278e-05,7.9723e-06
18.449,-14.008,-6.2307e-05,-6.5342e-05,7.7467e-06
18.457,-12.495,-6.1722e-05,-5.2164e-05,-2.8652e-05
18.465,-10.982,-5.4681e-05,-7.1708e-05,-1.449e-05
18.472,-9.4673,-7.731e-05,-4.8138e-05,1.5096e-05
18.479,-7.9531,-8.2255e-05,-3.4081e-05,1.5313e-05
18.486,-6.4388,-5.498e-05,-6.0259e-05,2.6361e-07
18.494,-4.9247,-6.9909e-05,-5.8134e-05,-2.8907e-05
18.502,-3.4095,-6.2485e-05,-2.707e-05,-3.8447e-05
18.509,-1.8951,-5.3839e-05,-5.1999e-05,-4.6429e-05
18.517,-0.37983,-8.2639e-05,-1.1609e-05,-9.8264e-06
18.525,1.1352,-8.7473e-05,-2.1743e-05,-4.9326e-05
18.532,2.6503,-0.00010649,-8.9588e-05,-7.3627e-06
18.54,4.1657,-6.7739e-05,-6.2844e-05,1.8993e-06
18.548,5.6816,-7.672e-05,-9.6867e-05,5.616e-05
18.556,7.1972,-9.6808e-05,-3.4351e-05,2.3458e-05
18.563,8.7134,-5.5393e-05,1.4547e-05,-3.1618e-05
18.571,10.23,-2.5113e-05,-3.7541e-05,5.8935e-05
18.577,11.746,-4.0401e-06,-0.00010669,-8.1436e-06
18.583,13.263,-6.0593e-06,-7.9392e-05,-6.3531e-06
18.59,14.779,5.0895e-06,-4.1818e-05,5.4826e-05
18.597,16.297,-3.2167e-05,-7.577e-05,-2.526e-05
18.605,17.813,-7.0785e-05,-0.00010374,-8.3801e-06
18.613,19.331,-0.00010468,-9.3421e-05,8.4905e-05
18.62,20.849,-4.7807e-05,-9.6442e-05,1.7959e-05
18.628,22.368,-5.0085e-06,-0.00013354,-1.831e-05
18.636,23.885,-2.8239e-05,-5.989e-05,3.3898e-05
18.643,25.403,-5.8611e-05,-5.4825e-05,-3.187e-05
18.651,26.922,-5.8207e-05,-7.6021e-05,-0.00015202
19.94,-27.652,-4.4903e-05,-8.0698e-06,9.4955e-05
19.944,-26.138,-3.6955e-05,-0.0001009,7.7086e-05
19.949,-24.624,-3.3491e-05,6.1874e-06,3.0979e-05
19.955,-23.109,-2.5754e-05,2.1231e-05,-1.6477e-05
19.958,-21.594,-2.3286e-05,-5.6448e-05,-3.8812e-05
19.963,-20.079,-7.1078e-05,-4.5625e-05,-3.0248e-05
20.276,-18.569,-3.8001e-05,1.3224e-05,-3.3278e-05
20.281,-17.053,-1.2604e-05,-9.3315e-05,-2.706e-05
20.287,-15.539,-4.7157e-05,-4.0152e-05,-1.5628e-05
20.293,-14.024,-6.7451e-05,-7.5152e-05,2.8356e-05
20.298,-12.509,-6.8915e-05,-4.0666e-05,9.3021e-06
20.304,-10.995,-5.9347e-05,-1.3217e-05,-1.4187e-05
20.313,-9.4803,-7.5194e-05,-4.9441e-05,7.3118e-07
20.322,-7.9657,-8.7179e-05,-8.7091e-05,-7.7048e-06
20.33,-6.4507,-0.00012247,-6.2303e-05,-4.5674e-05
20.337,-4.9352,-9.2173e-05,-5.462e-05,-7.6806e-06
20.343,-3.4197,-4.0473e-05,-6.2707e-05,-4.9935e-05
20.351,-1.9043,-4.5056e-05,-7.6463e-06,-7.7143e-05
20.358,-0.38874,-2.3268e-05,-4.2275e-05,-1.2912e-05
20.366,1.1269,-3.6401e-05,-2.2252e-05,-7.4481e-05
20.373,2.6432,-5.3953e-05,-4.229e-05,-9.2944e-06
20.381,4.1593,-4.7406e-05,-6.6444e-05,-3.6213e-05
20.389,5.6757,-7.0427e-05,-6.2582e-05,-8.0541e-05
20.398,7.192,-8.3183e-05,-5.1998e-05,1.532e-05
20.406,8.7093,-5.5472e-05,-3.658e-05,1.0481e-06
20.414,10.227,-6.6722e-05,5.6853e-07,1.8296e-05
20.422,11.744,-8.0194e-05,-8.8858e-05,4.3831e-05
20.428,13.261,-4.2069e-05,-9.0663e-05,6.8214e-05
20.434,14.778,-2.8068e-05,-4.9694e-05,2.1847e-05
20.441,16.296,-2.2795e-05,-8.5833e-05,-2.4431e-06
20.449,17.814,-6.8287e-06,-5.8845e-05,-6.1006e-05
20.457,19.332,-4.9532e-05,-9.2577e-05,2.3017e-05
20.465,20.85,-7.2063e-05,-0.00014668,9.3142e-05
20.473,22.37,-4.5686e-05,-0.00014249,-2.4648e-05
20.48,23.889,-3.7038e-05,-0.00010136,4.0732e-07
20.49,25.409,-7.6274e-05,-2.7133e-05,-1.3509e-05
20.498,26.928,-6.9425e-05,-1.8554e-05,-6.1822e-05
21.787,-27.675,-6.6908e-05,-1.5741e-07,5.5326e-05
21.791,-26.161,-0.00011972,-8.5729e-05,5.2642e-05
21.796,-24.645,-0.0001187,-1.2567e-05,3.1741e-05
21.801,-23.13,-0.00011413,-3.737e-05,5.7356e-05
21.808,-21.617,-7.7133e-05,-3.1418e-05,-4.1521e-05
21.811,-20.1,-4.7605e-05,-6.0438e-05,-2.7913e-05
22.124,-18.587,-2.7761e-05,3.3812e-06,3.1924e-06
22.129,-17.072,-4.6828e-05,-9.8973e-05,-7.8843e-05
22.134,-15.556,-8.7396e-05,-5.5347e-05,-3.5108e-05
22.14,-14.04,-0.00010223,-7.3893e-05,4.5829e-05
22.145,-12.525,-8.8717e-05,-2.3096e-05,-1.924e-06
22.151,-11.009,-0.00011383,-2.1429e-05,2.0377e-06
22.157,-9.4937,-8.5783e-05,-8.4265e-05,-7.298e-05
22.165,-7.9779,-0.00010977,-9.1472e-05,-2.9624e-05
22.173,-6.4621,-8.2017e-05,-6.8072e-05,2.1573e-06
22.181,-4.9465,-3.795e-05,-6.7525e-05,2.603e-05
22.188,-3.4306,-5.1824e-05,-2.2923e-05,-3.6609e-05
22.194,-1.9134,-5.899e-05,4.2147e-06,-4.494e-05
22.202,-0.39716,-0.00010886,-4.8239e-05,-7.1874e-06
22.209,1.1192,-6.6234e-05,-1.2075e-05,-3.9922e-05
22.218,2.6361,-2.5041e-05,-7.0788e-05,-5.6818e-05
22.224,4.1531,-7.1394e-05,-6.1548e-05,-3.0504e-05
22.231,5.6703,-4.1422e-05,-5.2038e-05,-1.3616e-06
22.239,7.188,-3.6318e-05,-4.3012e-05,3.8623e-05
22.249,8.7054,-4.7078e-05,-2.6181e-05,1.4146e-05
22.258,10.223,-5.7428e-05,-4.406e-05,-1.3339e-05
22.267,11.741,-3.5521e-05,-6.1142e-05,-2.7962e-05
22.275,13.259,-6.616e-05,-5.2493e-05,2.8368e-05
22.281,14.778,-0.00010226,-8.9143e-05,2.6553e-06
22.289,16.297,-8.1181e-05,-2.2577e-05,-2.753e-06
22.294,17.815,-6.301e-05,-0.00011779,-7.8534e-05
22.302,19.334,-2.5288e-05,-0.0001036,-5.6256e-05
22.311,20.853,-2.1052e-05,-8.1952e-05,2.9969e-05
22.32,22.372,-6.362e-05,-0.00011934,8.7424e-05
22.329,23.893,-6.8564e-05,-7.6598e-05,0.00010308
22.338,25.413,-4.9956e-05,-5.8498e-05,2.4135e-05
22.346,26.933,-8.575e-05,-1.6584e-05,-7.1023e-05
23.637,-27.7,-7.5688e-05,-0.00011612,-8.5936e-05
23.64,-26.184,-2.8196e-05,-6.5344e-05,-2.5678e-05
23.644,-24.668,-3.584e-05,-2.7699e-05,-2.5069e-05
23.648,-23.151,-7.8121e-05,-5.4571e-05,-2.0173e-05
23.654,-21.635,-0.00011985,-7.2346e-05,-8.129e-05
23.659,-20.119,-9.3978e-05,5.3561e-06,-2.4475e-05
23.972,-18.606,-6.9364e-05,-6.5387e-05,-3.1759e-05
23.978,-17.09,-7.0776e-05,-8.046e-05,-0.00013203
23.983,-15.573,-6.0646e-05,-7.5438e-06,-0.00011007
23.989,-14.057,-4.8835e-05,-5.3675e-05,2.5799e-05
23.995,-12.541,-7.0165e-05,-2.0948e-05,-3.762e-05
24.001,-11.024,-0.00010778,-2.5833e-05,-9.0331e-05
24.007,-9.5072,-0.00010582,-7.1856e-05,3.1956e-05
24.012,-7.9906,-2.6357e-05,-8.0883e-05,-3.207e-05
24.019,-6.4737,-5.3216e-05,-0.00012702,1.9334e-05
24.026,-4.9571,-0.00010579,-5.0006e-05,1.3584e-05
24.035,-3.4409,-0.0001032,-2.858e-05,1.2143e-05
24.043,-1.9233,-9.0173e-05,-8.0295e-06,-0.00013601
24.049,-0.40637,-0.00010558,-3.4885e-05,-8.304e-05
24.056,1.1114,-7.9583e-05,-6.7121e-05,5.2383e-05
24.063,2.6287,-6.8797e-05,-7.1307e-05,-0.00010244
24.071,4.1464,-7.4087e-05,-5.2162e-06,-0.00012003
24.079,5.6643,-6.485e-05,-2.2551e-05,-5.356e-05
24.085,7.1828,-8.135e-05,-5.3306e-05,-5.129e-05
24.092,8.7012,-8.027e-05,-1.7737e-05,3.0168e-05
24.102,10.22,-4.2716e-05,-5.4652e-05,3.4222e-05
24.112,11.738,-4.981e-05,-3.8585e-05,6.7743e-05
24.122,13.257,-5.9309e-05,-6.4192e-05,-5.5103e-08
24.13,14.778,-4.0396e-05,-5.1408e-05,9.1143e-05
24.137,16.296,-5.8212e-05,-5.3059e-05,3.5017e-05
24.144,17.815,-8.9714e-05,-0.00013343,-3.4156e-05
24.151,19.335,-5.6081e-05,-8.4898e-05,7.2252e-05
24.158,20.855,-5.4031e-05,-7.6179e-05,1.4181e-05
24.168,22.376,-4.1207e-05,-7.9507e-05,-8.5651e-05
24.178,23.897,-5.1199e-05,-6.3372e-05,-4.5029e-06
24.187,25.418,-4.3791e-05,-6.7893e-05,1.8707e-05
24.196,26.938,-1.062e-05,-0.00015781,-0.00013747
25.491,-27.725,-9.4326e-05,-0.00021879,4.2283e-05
25.493,-26.208,-6.6491e-05,-5.1679e-05,2.254e-05
25.497,-24.69,-7.0451e-05,-3.5539e-05,-8.8695e-05
25.501,-23.173,-4.3784e-05,-9.406e-05,-0.0001017
25.505,-21.656,-5.5075e-05,-2.7767e-05,-8.8991e-05
25.508,-20.138,-9.5019e-05,5.0287e-05,4.9792e-05
25.823,-18.625,-0.00017887,-8.8064e-05,2.8003e-05
25.828,-17.108,-0.00015635,-4.4523e-05,-2.3065e-05
25.834,-15.59,-7.4312e-05,-9.6515e-05,6.609e-05
25.838,-14.075,-3.9098e-05,-7.5677e-05,3.4884e-06
25.846,-12.556,-8.9454e-05,-2.6658e-06,-7.4604e-05
25.852,-11.039,-7.2669e-05,-7.2774e-06,-0.00012517
25.859,-9.521,-6.942e-05,-0.00010464,-1.4789e-05
25.865,-8.0039,-9.69e-05,-8.4999e-05,-8.8056e-05
25.871,-6.486,-7.7933e-05,-7.4588e-05,-5.2345e-05
25.876,-4.9683,-7.3951e-05,-6.2629e-05,-4.9158e-05
25.883,-3.4505,-0.00011687,1.6284e-05,-5.4297e-05
25.891,-1.9329,-0.00011612,-6.3264e-05,-4.9101e-05
25.9,-0.4151,-4.2849e-05,-4.242e-05,-4.0401e-05
25.908,1.1022,-8.9807e-05,-6.1594e-05,-4.1787e-05
25.914,2.6221,-0.0001002,-0.00010594,-7.2892e-05
25.921,4.1405,-2.1561e-05,-1.6867e-05,-6.7094e-05
25.928,5.6587,-7.0718e-05,1.7062e-05,-9.0137e-05
25.936,7.178,-0.00010003,-1.0232e-05,-2.3996e-05
25.941,8.6973,-9.3211e-05,1.2708e-06,7.8801e-05
25.947,10.216,-9.5907e-05,-5.2214e-05,6.5472e-05
25.957,11.736,-0.00010144,-5.5193e-05,5.6828e-06
25.967,13.256,-8.4971e-05,-2.3266e-05,9.2786e-06
25.978,14.776,-6.5573e-05,-1.3834e-05,4.9956e-05
25.986,16.296,-9.6518e-05,-0.00013159,-7.6669e-05
25.995,17.816,-5.5822e-05,-0.00012566,-1.4449e-05
26.002,19.337,-2.3017e-05,-7.3511e-05,2.4501e-05
26.009,20.857,-6.5814e-05,-0.00011401,1.7527e-05
26.019,22.38,-6.0537e-05,-0.00012473,2.0222e-05
26.027,23.899,-3.824e-05,-3.6455e-05,-3.804e-05
26.038,25.422,-3.7473e-05,-1.7855e-05,-6.2053e-05
26.047,26.943,-1.2894e-05,-2.9989e-05,-3.8218e-05
